area,name,taxable_income_million_yen,income_taxpayers,fiscal_year
01000,北海道,7409865.0,2333398.0,2022
01100,札幌市,3056638.0,911410.0,2022
01101,中央区,,,2022
01102,北区,,,2022
01103,東区,,,2022
01104,白石区,,,2022
01105,豊平区,,,2022
01106,南区,,,2022
01107,西区,,,2022
01108,厚別区,,,2022
01109,手稲区,,,2022
01110,清田区,,,2022
01202,函館市,316463.0,105733.0,2022
01203,小樽市,126726.0,45693.0,2022
01204,旭川市,422951.0,141800.0,2022
01205,室蘭市,105103.0,34228.0,2022
01206,釧路市,210751.0,71281.0,2022
01207,帯広市,252819.0,78575.0,2022
01208,北見市,162397.0,52074.0,2022
01209,夕張市,6656.0,2703.0,2022
01210,岩見沢市,97986.0,33616.0,2022
01211,網走市,56886.0,16163.0,2022
01212,留萌市,27438.0,9188.0,2022
01213,苫小牧市,240351.0,78035.0,2022
01214,稚内市,52399.0,15442.0,2022
01215,美唄市,22598.0,8039.0,2022
01216,芦別市,11984.0,4721.0,2022
01217,江別市,151370.0,51167.0,2022
01218,赤平市,9379.0,3590.0,2022
01219,紋別市,33227.0,9612.0,2022
01220,士別市,22092.0,7254.0,2022
01221,名寄市,38035.0,12363.0,2022
01222,三笠市,7610.0,2933.0,2022
01223,根室市,33775.0,10915.0,2022
01224,千歳市,149530.0,48136.0,2022
01225,滝川市,50269.0,17209.0,2022
01226,砂川市,21039.0,6966.0,2022
01227,歌志内市,2648.0,1078.0,2022
01228,深川市,23355.0,8151.0,2022
01229,富良野市,30397.0,9178.0,2022
01230,登別市,56416.0,20111.0,2022
01231,恵庭市,95420.0,32241.0,2022
01233,伊達市,40064.0,14067.0,2022
01234,北広島市,76750.0,25241.0,2022
01235,石狩市,70964.0,24401.0,2022
01236,北斗市,52797.0,19236.0,2022
01303,当別町,19279.0,6607.0,2022
01304,新篠津村,3736.0,1244.0,2022
01331,松前町,6490.0,2150.0,2022
01332,福島町,3673.0,1178.0,2022
01333,知内町,4428.0,1649.0,2022
01334,木古内町,4129.0,1501.0,2022
01337,七飯町,31939.0,11845.0,2022
01343,鹿部町,3616.0,1393.0,2022
01345,森町,15532.0,5684.0,2022
01346,八雲町,20009.0,6698.0,2022
01347,長万部町,5761.0,1985.0,2022
01361,江差町,9153.0,3002.0,2022
01362,上ノ国町,5252.0,1738.0,2022
01363,厚沢部町,4564.0,1428.0,2022
01364,乙部町,3741.0,1310.0,2022
01367,奥尻町,3427.0,1079.0,2022
01370,今金町,6247.0,2052.0,2022
01371,せたな町,8136.0,2832.0,2022
01391,島牧村,1461.0,480.0,2022
01392,寿都町,3501.0,1107.0,2022
01393,黒松内町,3077.0,1075.0,2022
01394,蘭越町,5425.0,1858.0,2022
01395,ニセコ町,6931.0,2220.0,2022
01396,真狩村,2814.0,847.0,2022
01397,留寿都村,3186.0,994.0,2022
01398,喜茂別町,2588.0,877.0,2022
01399,京極町,3876.0,1321.0,2022
01400,倶知安町,24950.0,7442.0,2022
01401,共和町,8219.0,2525.0,2022
01402,岩内町,14549.0,4838.0,2022
01403,泊村,2136.0,685.0,2022
01404,神恵内村,1225.0,341.0,2022
01405,積丹町,1742.0,620.0,2022
01406,古平町,2526.0,934.0,2022
01407,仁木町,3483.0,1144.0,2022
01408,余市町,20033.0,7234.0,2022
01409,赤井川村,1394.0,463.0,2022
01423,南幌町,9685.0,3226.0,2022
01424,奈井江町,5873.0,2083.0,2022
01425,上砂川町,2235.0,914.0,2022
01427,由仁町,7111.0,2062.0,2022
01428,長沼町,14211.0,4627.0,2022
01429,栗山町,13755.0,4804.0,2022
01430,月形町,3464.0,1212.0,2022
01431,浦臼町,1848.0,656.0,2022
01432,新十津川町,7324.0,2567.0,2022
01433,妹背牛町,3291.0,1108.0,2022
01434,秩父別町,2810.0,994.0,2022
01436,雨竜町,2762.0,973.0,2022
01437,北竜町,1960.0,672.0,2022
01438,沼田町,3859.0,1306.0,2022
01452,鷹栖町,7899.0,2761.0,2022
01453,東神楽町,13669.0,4402.0,2022
01454,当麻町,6541.0,2500.0,2022
01455,比布町,3960.0,1420.0,2022
01456,愛別町,2700.0,998.0,2022
01457,上川町,3635.0,1377.0,2022
01458,東川町,11405.0,3404.0,2022
01459,美瑛町,11679.0,3997.0,2022
01460,上富良野町,13965.0,4781.0,2022
01461,中富良野町,7175.0,1935.0,2022
01462,南富良野町,2994.0,1030.0,2022
01463,占冠村,1719.0,645.0,2022
01464,和寒町,3514.0,1189.0,2022
01465,剣淵町,3416.0,1201.0,2022
01468,下川町,3711.0,1265.0,2022
01469,美深町,4814.0,1658.0,2022
01470,音威子府村,1085.0,325.0,2022
01471,中川町,2006.0,635.0,2022
01472,幌加内町,1985.0,615.0,2022
01481,増毛町,4457.0,1604.0,2022
01482,小平町,3514.0,1217.0,2022
01483,苫前町,3815.0,1202.0,2022
01484,羽幌町,8254.0,2774.0,2022
01485,初山別村,1485.0,469.0,2022
01486,遠別町,3331.0,1082.0,2022
01487,天塩町,4748.0,1431.0,2022
01511,猿払村,10237.0,1399.0,2022
01512,浜頓別町,6533.0,1763.0,2022
01513,中頓別町,2148.0,728.0,2022
01514,枝幸町,17076.0,3691.0,2022
01516,豊富町,5345.0,1786.0,2022
01517,礼文町,3951.0,1176.0,2022
01518,利尻町,3028.0,927.0,2022
01519,利尻富士町,2840.0,955.0,2022
01520,幌延町,3555.0,1068.0,2022
01543,美幌町,25420.0,8404.0,2022
01544,津別町,5371.0,1813.0,2022
01545,斜里町,18743.0,5212.0,2022
01546,清里町,6192.0,1814.0,2022
01547,小清水町,7312.0,2246.0,2022
01549,訓子府町,7509.0,2135.0,2022
01550,置戸町,3484.0,1124.0,2022
01552,佐呂間町,8458.0,2163.0,2022
01555,遠軽町,25374.0,8460.0,2022
01559,湧別町,15752.0,3868.0,2022
01560,滝上町,3137.0,1018.0,2022
01561,興部町,7221.0,1786.0,2022
01562,西興部村,1855.0,467.0,2022
01563,雄武町,8898.0,2050.0,2022
01564,大空町,11075.0,3294.0,2022
01571,豊浦町,3735.0,1396.0,2022
01575,壮瞥町,2624.0,935.0,2022
01578,白老町,16663.0,6318.0,2022
01581,厚真町,6307.0,1907.0,2022
01584,洞爺湖町,9137.0,3333.0,2022
01585,安平町,18226.0,3155.0,2022
01586,むかわ町,9957.0,3379.0,2022
01601,日高町,16761.0,5181.0,2022
01602,平取町,6763.0,2080.0,2022
01604,新冠町,7642.0,2391.0,2022
01607,浦河町,17241.0,5335.0,2022
01608,様似町,4852.0,1763.0,2022
01609,えりも町,6045.0,1956.0,2022
01610,新ひだか町,28608.0,9324.0,2022
01631,音更町,65147.0,20393.0,2022
01632,士幌町,12270.0,2954.0,2022
01633,上士幌町,9262.0,2443.0,2022
01634,鹿追町,9860.0,2651.0,2022
01635,新得町,7770.0,2528.0,2022
01636,清水町,13723.0,4285.0,2022
01637,芽室町,31122.0,8808.0,2022
01638,中札内村,7013.0,1960.0,2022
01639,更別村,6567.0,1646.0,2022
01641,大樹町,9078.0,2670.0,2022
01642,広尾町,8878.0,2724.0,2022
01643,幕別町,38154.0,12167.0,2022
01644,池田町,8799.0,2787.0,2022
01645,豊頃町,5092.0,1401.0,2022
01646,本別町,9903.0,3035.0,2022
01647,足寄町,9327.0,2965.0,2022
01648,陸別町,3232.0,983.0,2022
01649,浦幌町,6748.0,2020.0,2022
01661,釧路町,24458.0,8764.0,2022
01662,厚岸町,12033.0,3846.0,2022
01663,浜中町,8067.0,2495.0,2022
01664,標茶町,10957.0,3380.0,2022
01665,弟子屈町,9205.0,2942.0,2022
01667,鶴居村,3642.0,1109.0,2022
01668,白糠町,7963.0,3008.0,2022
01691,別海町,27920.0,7600.0,2022
01692,中標津町,37831.0,11436.0,2022
01693,標津町,8656.0,2389.0,2022
01694,羅臼町,6937.0,2158.0,2022
02000,青森県,1496398.0,527914.0,2022
02201,青森市,354244.0,122017.0,2022
02202,弘前市,203234.0,69338.0,2022
02203,八戸市,303346.0,101260.0,2022
02204,黒石市,32156.0,13312.0,2022
02205,五所川原市,54497.0,20592.0,2022
02206,十和田市,75282.0,26749.0,2022
02207,三沢市,57855.0,18408.0,2022
02208,むつ市,69087.0,23680.0,2022
02209,つがる市,26913.0,10964.0,2022
02210,平川市,29636.0,11927.0,2022
02301,平内町,12250.0,4310.0,2022
02303,今別町,1913.0,782.0,2022
02304,蓬田村,2476.0,970.0,2022
02307,外ヶ浜町,4783.0,1848.0,2022
02321,鰺ヶ沢町,7700.0,3092.0,2022
02323,深浦町,5491.0,2356.0,2022
02343,西目屋村,998.0,448.0,2022
02361,藤崎町,14907.0,5915.0,2022
02362,大鰐町,7418.0,3245.0,2022
02367,田舎館村,7170.0,2970.0,2022
02381,板柳町,11649.0,4773.0,2022
02384,鶴田町,10646.0,4261.0,2022
02387,中泊町,8773.0,3464.0,2022
02401,野辺地町,14667.0,5434.0,2022
02402,七戸町,15563.0,5878.0,2022
02405,六戸町,12829.0,4553.0,2022
02406,横浜町,4590.0,1728.0,2022
02408,東北町,17604.0,6631.0,2022
02411,六ヶ所村,17344.0,5191.0,2022
02412,おいらせ町,32428.0,11369.0,2022
02423,大間町,5528.0,1868.0,2022
02424,東通村,6618.0,2339.0,2022
02425,風間浦村,1454.0,589.0,2022
02426,佐井村,1503.0,594.0,2022
02441,三戸町,8805.0,3555.0,2022
02442,五戸町,16327.0,6433.0,2022
02443,田子町,4878.0,1904.0,2022
02445,南部町,17530.0,6809.0,2022
02446,階上町,14494.0,5621.0,2022
02450,新郷村,1810.0,737.0,2022
03000,岩手県,1554904.0,539402.0,2022
03201,盛岡市,449732.0,137349.0,2022
03202,宮古市,54949.0,20288.0,2022
03203,大船渡市,41637.0,14835.0,2022
03205,花巻市,115827.0,42342.0,2022
03206,北上市,137414.0,45449.0,2022
03207,久慈市,39793.0,14126.0,2022
03208,遠野市,26756.0,10364.0,2022
03209,一関市,129611.0,47802.0,2022
03210,陸前高田市,19102.0,7391.0,2022
03211,釜石市,37146.0,13407.0,2022
03213,二戸市,29149.0,10963.0,2022
03214,八幡平市,25511.0,9881.0,2022
03215,奥州市,140766.0,50749.0,2022
03216,滝沢市,74028.0,26463.0,2022
03301,雫石町,17059.0,6527.0,2022
03302,葛巻町,5055.0,2097.0,2022
03303,岩手町,12672.0,5035.0,2022
03321,紫波町,40703.0,14863.0,2022
03322,矢巾町,37855.0,12901.0,2022
03366,西和賀町,4967.0,1914.0,2022
03381,金ケ崎町,19758.0,7050.0,2022
03402,平泉町,7398.0,2908.0,2022
03441,住田町,4915.0,1975.0,2022
03461,大槌町,11674.0,4451.0,2022
03482,山田町,14586.0,5665.0,2022
03483,岩泉町,7806.0,3141.0,2022
03484,田野畑村,2971.0,1232.0,2022
03485,普代村,2185.0,885.0,2022
03501,軽米町,8466.0,3286.0,2022
03503,野田村,4173.0,1566.0,2022
03506,九戸村,4916.0,2041.0,2022
03507,洋野町,15422.0,6058.0,2022
03524,一戸町,10903.0,4398.0,2022
04000,宮城県,3454921.0,1062998.0,2022
04100,仙台市,1897922.0,528485.0,2022
04101,青葉区,,,2022
04102,宮城野区,,,2022
04103,若林区,,,2022
04104,太白区,,,2022
04105,泉区,,,2022
04202,石巻市,178440.0,60781.0,2022
04203,塩竈市,67705.0,23860.0,2022
04205,気仙沼市,70894.0,25755.0,2022
04206,白石市,39033.0,14352.0,2022
04207,名取市,125042.0,37974.0,2022
04208,角田市,32428.0,11913.0,2022
04209,多賀城市,93356.0,29819.0,2022
04211,岩沼市,63516.0,20744.0,2022
04212,登米市,84216.0,31379.0,2022
04213,栗原市,69570.0,25658.0,2022
04214,東松島市,49192.0,17523.0,2022
04215,大崎市,164415.0,57361.0,2022
04216,富谷市,85673.0,24345.0,2022
04301,蔵王町,12975.0,4852.0,2022
04302,七ヶ宿町,1232.0,506.0,2022
04321,大河原町,33169.0,11392.0,2022
04322,村田町,11703.0,4364.0,2022
04323,柴田町,47910.0,17066.0,2022
04324,川崎町,8862.0,3523.0,2022
04341,丸森町,12683.0,4833.0,2022
04361,亘理町,42351.0,15314.0,2022
04362,山元町,13301.0,4973.0,2022
04401,松島町,15294.0,5668.0,2022
04404,七ヶ浜町,23896.0,8319.0,2022
04406,利府町,56401.0,17270.0,2022
04421,大和町,40979.0,13524.0,2022
04422,大郷町,8204.0,3110.0,2022
04424,大衡村,6877.0,2428.0,2022
04444,色麻町,7015.0,2701.0,2022
04445,加美町,24739.0,9165.0,2022
04501,涌谷町,15761.0,6274.0,2022
04505,美里町,28884.0,10486.0,2022
04581,女川町,7595.0,2512.0,2022
04606,南三陸町,13687.0,4769.0,2022
05000,秋田県,1148565.0,407053.0,2022
05201,秋田市,436951.0,140456.0,2022
05202,能代市,57865.0,20700.0,2022
05203,横手市,93678.0,34905.0,2022
05204,大館市,82214.0,30220.0,2022
05206,男鹿市,24129.0,9446.0,2022
05207,湯沢市,42591.0,16691.0,2022
05209,鹿角市,30735.0,11917.0,2022
05210,由利本荘市,87215.0,31489.0,2022
05211,潟上市,35515.0,13619.0,2022
05212,大仙市,86188.0,32037.0,2022
05213,北秋田市,30718.0,11799.0,2022
05214,にかほ市,29398.0,10166.0,2022
05215,仙北市,23788.0,9478.0,2022
05303,小坂町,5060.0,1877.0,2022
05327,上小阿仁村,1727.0,763.0,2022
05346,藤里町,2351.0,1035.0,2022
05348,三種町,14390.0,5832.0,2022
05349,八峰町,6225.0,2446.0,2022
05361,五城目町,8040.0,3189.0,2022
05363,八郎潟町,5374.0,2081.0,2022
05366,井川町,4373.0,1659.0,2022
05368,大潟村,6461.0,1716.0,2022
05434,美郷町,18157.0,7276.0,2022
05463,羽後町,13156.0,5290.0,2022
05464,東成瀬村,2266.0,966.0,2022
06000,山形県,1393011.0,481267.0,2022
06201,山形市,379618.0,116117.0,2022
06202,米沢市,103281.0,36052.0,2022
06203,鶴岡市,156218.0,55802.0,2022
06204,酒田市,127659.0,45333.0,2022
06205,新庄市,43015.0,15250.0,2022
06206,寒河江市,52572.0,18802.0,2022
06207,上山市,32917.0,12617.0,2022
06208,村山市,26310.0,9536.0,2022
06209,長井市,32945.0,11962.0,2022
06210,天童市,82811.0,28524.0,2022
06211,東根市,65351.0,22610.0,2022
06212,尾花沢市,16274.0,5905.0,2022
06213,南陽市,38678.0,13673.0,2022
06301,山辺町,16943.0,6182.0,2022
06302,中山町,13363.0,4934.0,2022
06321,河北町,21449.0,7857.0,2022
06322,西川町,5150.0,1985.0,2022
06323,朝日町,6180.0,2402.0,2022
06324,大江町,8359.0,3210.0,2022
06341,大石田町,7009.0,2621.0,2022
06361,金山町,5196.0,2065.0,2022
06362,最上町,9034.0,3178.0,2022
06363,舟形町,5169.0,1990.0,2022
06364,真室川町,7096.0,2758.0,2022
06365,大蔵村,3195.0,1230.0,2022
06366,鮭川村,4141.0,1570.0,2022
06367,戸沢村,3920.0,1611.0,2022
06381,高畠町,26351.0,9906.0,2022
06382,川西町,15704.0,5976.0,2022
06401,小国町,8887.0,3141.0,2022
06402,白鷹町,14568.0,5660.0,2022
06403,飯豊町,7424.0,2826.0,2022
06426,三川町,8943.0,3299.0,2022
06428,庄内町,23210.0,9107.0,2022
06461,遊佐町,14070.0,5576.0,2022
07000,福島県,2562274.0,839379.0,2022
07201,福島市,420692.0,131379.0,2022
07202,会津若松市,157849.0,52182.0,2022
07203,郡山市,492392.0,152228.0,2022
07204,いわき市,461528.0,146625.0,2022
07205,白河市,85004.0,27732.0,2022
07207,須賀川市,99024.0,33914.0,2022
07208,喜多方市,52479.0,19659.0,2022
07209,相馬市,51645.0,15455.0,2022
07210,二本松市,66333.0,23983.0,2022
07211,田村市,39482.0,14475.0,2022
07212,南相馬市,80965.0,26742.0,2022
07213,伊達市,71251.0,25984.0,2022
07214,本宮市,40159.0,13996.0,2022
07301,桑折町,13671.0,5025.0,2022
07303,国見町,9926.0,3690.0,2022
07308,川俣町,13873.0,5219.0,2022
07322,大玉村,10842.0,3930.0,2022
07342,鏡石町,16058.0,5669.0,2022
07344,天栄村,6100.0,2209.0,2022
07362,下郷町,5374.0,2019.0,2022
07364,檜枝岐村,644.0,219.0,2022
07367,只見町,5219.0,1594.0,2022
07368,南会津町,16552.0,5938.0,2022
07402,北塩原村,2573.0,1037.0,2022
07405,西会津町,5290.0,2107.0,2022
07407,磐梯町,3979.0,1363.0,2022
07408,猪苗代町,14883.0,5650.0,2022
07421,会津坂下町,17533.0,6393.0,2022
07422,湯川村,3728.0,1337.0,2022
07423,柳津町,3061.0,1187.0,2022
07444,三島町,1496.0,563.0,2022
07445,金山町,1747.0,686.0,2022
07446,昭和村,1004.0,391.0,2022
07447,会津美里町,21231.0,8014.0,2022
07461,西郷村,28880.0,9726.0,2022
07464,泉崎村,7447.0,2641.0,2022
07465,中島村,6232.0,2220.0,2022
07466,矢吹町,21395.0,7681.0,2022
07481,棚倉町,17915.0,5830.0,2022
07482,矢祭町,6649.0,2285.0,2022
07483,塙町,10111.0,3452.0,2022
07484,鮫川村,3427.0,1269.0,2022
07501,石川町,16484.0,6077.0,2022
07502,玉川村,7268.0,2737.0,2022
07503,平田村,6348.0,2312.0,2022
07504,浅川町,7325.0,2645.0,2022
07505,古殿町,5154.0,1896.0,2022
07521,三春町,19989.0,7436.0,2022
07522,小野町,11024.0,4123.0,2022
07541,広野町,7583.0,2353.0,2022
07542,楢葉町,9148.0,2904.0,2022
07543,富岡町,17898.0,4875.0,2022
07544,川内村,2820.0,948.0,2022
07545,大熊町,14242.0,3825.0,2022
07546,双葉町,6597.0,1995.0,2022
07547,浪江町,18568.0,5807.0,2022
07548,葛尾村,1431.0,507.0,2022
07561,新地町,9707.0,3428.0,2022
07564,飯舘村,5044.0,1813.0,2022
08000,茨城県,4517894.0,1364247.0,2022
08201,水戸市,458406.0,129461.0,2022
08202,日立市,275152.0,81903.0,2022
08203,土浦市,227747.0,68826.0,2022
08204,古河市,209100.0,67531.0,2022
08205,石岡市,98929.0,33144.0,2022
08207,結城市,72169.0,23789.0,2022
08208,龍ケ崎市,116527.0,36080.0,2022
08210,下妻市,59149.0,20364.0,2022
08211,常総市,86764.0,29382.0,2022
08212,常陸太田市,64235.0,22250.0,2022
08214,高萩市,36129.0,12626.0,2022
08215,北茨城市,55907.0,19097.0,2022
08216,笠間市,101167.0,34193.0,2022
08217,取手市,161410.0,49619.0,2022
08219,牛久市,143576.0,40320.0,2022
08220,つくば市,516438.0,121583.0,2022
08221,ひたちなか市,271597.0,77307.0,2022
08222,鹿嶋市,99640.0,30728.0,2022
08223,潮来市,36881.0,12245.0,2022
08224,守谷市,141674.0,34792.0,2022
08225,常陸大宮市,48113.0,17410.0,2022
08226,那珂市,78030.0,25586.0,2022
08227,筑西市,141123.0,47734.0,2022
08228,坂東市,71224.0,24754.0,2022
08229,稲敷市,49563.0,17549.0,2022
08230,かすみがうら市,59578.0,19377.0,2022
08231,桜川市,50591.0,17739.0,2022
08232,神栖市,157035.0,46442.0,2022
08233,行方市,42013.0,14111.0,2022
08234,鉾田市,59623.0,20562.0,2022
08235,つくばみらい市,89968.0,25011.0,2022
08236,小美玉市,68870.0,23142.0,2022
08302,茨城町,40841.0,13883.0,2022
08309,大洗町,20857.0,7170.0,2022
08310,城里町,22276.0,8261.0,2022
08341,東海村,67448.0,18553.0,2022
08364,大子町,16026.0,6320.0,2022
08442,美浦村,22663.0,6958.0,2022
08443,阿見町,74808.0,23187.0,2022
08447,河内町,10148.0,3571.0,2022
08521,八千代町,28613.0,9486.0,2022
08542,五霞町,11509.0,3789.0,2022
08546,境町,35115.0,11589.0,2022
08564,利根町,19259.0,6823.0,2022
09000,栃木県,3009755.0,921681.0,2022
09201,宇都宮市,918716.0,252025.0,2022
09202,足利市,202262.0,66099.0,2022
09203,栃木市,223965.0,72909.0,2022
09204,佐野市,169488.0,54212.0,2022
09205,鹿沼市,139336.0,45582.0,2022
09206,日光市,104093.0,37037.0,2022
09208,小山市,271405.0,80831.0,2022
09209,真岡市,116891.0,38185.0,2022
09210,大田原市,100934.0,33029.0,2022
09211,矢板市,42864.0,14645.0,2022
09213,那須塩原市,176761.0,57142.0,2022
09214,さくら市,66382.0,20724.0,2022
09215,那須烏山市,31124.0,11084.0,2022
09216,下野市,111177.0,29021.0,2022
09301,上三川町,50403.0,15307.0,2022
09342,益子町,28740.0,9979.0,2022
09343,茂木町,13771.0,5134.0,2022
09344,市貝町,16406.0,5400.0,2022
09345,芳賀町,21223.0,6954.0,2022
09361,壬生町,58298.0,18034.0,2022
09364,野木町,37309.0,12001.0,2022
09384,塩谷町,13015.0,4707.0,2022
09386,高根沢町,49535.0,14770.0,2022
09407,那須町,27991.0,10302.0,2022
09411,那珂川町,17666.0,6568.0,2022
10000,群馬県,2931988.0,910271.0,2022
10201,前橋市,541887.0,156943.0,2022
10202,高崎市,616537.0,174679.0,2022
10203,桐生市,140923.0,47001.0,2022
10204,伊勢崎市,316847.0,101646.0,2022
10205,太田市,352794.0,106457.0,2022
10206,沼田市,60817.0,20750.0,2022
10207,館林市,113270.0,35501.0,2022
10208,渋川市,100735.0,33967.0,2022
10209,藤岡市,88128.0,30001.0,2022
10210,富岡市,65591.0,21748.0,2022
10211,安中市,78950.0,25580.0,2022
10212,みどり市,70098.0,22988.0,2022
10344,榛東村,20909.0,7008.0,2022
10345,吉岡町,33522.0,10530.0,2022
10366,上野村,1091.0,464.0,2022
10367,神流町,1467.0,606.0,2022
10382,下仁田町,7519.0,2841.0,2022
10383,南牧村,1286.0,553.0,2022
10384,甘楽町,16304.0,5805.0,2022
10421,中之条町,19098.0,6901.0,2022
10424,長野原町,7729.0,2565.0,2022
10425,嬬恋村,13536.0,4584.0,2022
10426,草津町,7540.0,3049.0,2022
10428,高山村,3979.0,1460.0,2022
10429,東吾妻町,15480.0,5751.0,2022
10443,片品村,3936.0,1543.0,2022
10444,川場村,3575.0,1343.0,2022
10448,昭和村,9553.0,3167.0,2022
10449,みなかみ町,19841.0,7569.0,2022
10464,玉村町,53929.0,17881.0,2022
10521,板倉町,18657.0,6364.0,2022
10522,明和町,15322.0,5112.0,2022
10523,千代田町,15525.0,5117.0,2022
10524,大泉町,59996.0,20784.0,2022
10525,邑楽町,35616.0,12013.0,2022
11000,埼玉県,13130959.0,3652986.0,2022
11100,さいたま市,2785429.0,675498.0,2022
11101,西区,,,2022
11102,北区,,,2022
11103,大宮区,,,2022
11104,見沼区,,,2022
11105,中央区,,,2022
11106,桜区,,,2022
11107,浦和区,,,2022
11108,南区,,,2022
11109,緑区,,,2022
11110,岩槻区,,,2022
11201,川越市,611761.0,172938.0,2022
11202,熊谷市,310110.0,92908.0,2022
11203,川口市,1132140.0,307136.0,2022
11206,行田市,117093.0,37587.0,2022
11207,秩父市,81211.0,27412.0,2022
11208,所沢市,634005.0,172599.0,2022
11209,飯能市,124222.0,37809.0,2022
11210,加須市,163417.0,52666.0,2022
11211,本庄市,117538.0,36889.0,2022
11212,東松山市,140430.0,43132.0,2022
11214,春日部市,360094.0,111184.0,2022
11215,狭山市,239049.0,74013.0,2022
11216,羽生市,78149.0,25075.0,2022
11217,鴻巣市,188773.0,56751.0,2022
11218,深谷市,214486.0,66977.0,2022
11219,上尾市,396548.0,112868.0,2022
11221,草加市,448188.0,127385.0,2022
11222,越谷市,612274.0,169605.0,2022
11223,蕨市,142108.0,39957.0,2022
11224,戸田市,291245.0,75543.0,2022
11225,入間市,237249.0,71365.0,2022
11227,朝霞市,300461.0,76513.0,2022
11228,志木市,150454.0,38584.0,2022
11229,和光市,190029.0,47114.0,2022
11230,新座市,290784.0,81486.0,2022
11231,桶川市,125395.0,36244.0,2022
11232,久喜市,245061.0,72978.0,2022
11233,北本市,105672.0,31719.0,2022
11234,八潮市,171070.0,48479.0,2022
11235,富士見市,206938.0,56551.0,2022
11237,三郷市,261332.0,70398.0,2022
11238,蓮田市,104065.0,30081.0,2022
11239,坂戸市,155966.0,47706.0,2022
11240,幸手市,69925.0,22806.0,2022
11241,鶴ヶ島市,118288.0,34160.0,2022
11242,日高市,81556.0,25777.0,2022
11243,吉川市,125371.0,35816.0,2022
11245,ふじみ野市,207463.0,55877.0,2022
11246,白岡市,91590.0,25653.0,2022
11301,伊奈町,74909.0,21753.0,2022
11324,三芳町,63575.0,18065.0,2022
11326,毛呂山町,44672.0,15100.0,2022
11327,越生町,15646.0,5258.0,2022
11341,滑川町,31658.0,9353.0,2022
11342,嵐山町,25118.0,8455.0,2022
11343,小川町,39198.0,13428.0,2022
11346,川島町,26913.0,9145.0,2022
11347,吉見町,25670.0,8771.0,2022
11348,鳩山町,18570.0,6130.0,2022
11349,ときがわ町,13787.0,4818.0,2022
11361,横瀬町,10855.0,3645.0,2022
11362,皆野町,11980.0,4279.0,2022
11363,長瀞町,8778.0,2973.0,2022
11365,小鹿野町,13255.0,4916.0,2022
11369,東秩父村,3204.0,1171.0,2022
11381,美里町,14435.0,4918.0,2022
11383,神川町,16715.0,6001.0,2022
11385,上里町,42082.0,14458.0,2022
11408,寄居町,43338.0,15027.0,2022
11442,宮代町,50919.0,15985.0,2022
11464,杉戸町,66484.0,20563.0,2022
11465,松伏町,42258.0,13535.0,2022
12000,千葉県,11471868.0,3117561.0,2022
12100,千葉市,1896750.0,484361.0,2022
12101,中央区,,,2022
12102,花見川区,,,2022
12103,稲毛区,,,2022
12104,若葉区,,,2022
12105,緑区,,,2022
12106,美浜区,,,2022
12202,銚子市,78569.0,26219.0,2022
12203,市川市,1081441.0,267037.0,2022
12204,船橋市,1256096.0,329204.0,2022
12205,館山市,59556.0,20026.0,2022
12206,木更津市,234689.0,66195.0,2022
12207,松戸市,920134.0,251193.0,2022
12208,野田市,231767.0,72850.0,2022
12210,茂原市,126896.0,41437.0,2022
12211,成田市,218861.0,66250.0,2022
12212,佐倉市,299552.0,82972.0,2022
12213,東金市,80342.0,26649.0,2022
12215,旭市,90470.0,29702.0,2022
12216,習志野市,358830.0,88742.0,2022
12217,柏市,820956.0,213875.0,2022
12218,勝浦市,19301.0,6732.0,2022
12219,市原市,450645.0,132534.0,2022
12220,流山市,416340.0,102412.0,2022
12221,八千代市,373304.0,100329.0,2022
12222,我孫子市,233728.0,63959.0,2022
12223,鴨川市,44611.0,14762.0,2022
12224,鎌ケ谷市,180943.0,53391.0,2022
12225,君津市,129683.0,40440.0,2022
12226,富津市,60092.0,19769.0,2022
12227,浦安市,441321.0,93065.0,2022
12228,四街道市,160119.0,45563.0,2022
12229,袖ケ浦市,109307.0,31609.0,2022
12230,八街市,89454.0,31201.0,2022
12231,印西市,196097.0,50028.0,2022
12232,白井市,109512.0,29747.0,2022
12233,富里市,72622.0,24242.0,2022
12234,南房総市,41555.0,15109.0,2022
12235,匝瑳市,46056.0,15460.0,2022
12236,香取市,98552.0,32864.0,2022
12237,山武市,62102.0,21734.0,2022
12238,いすみ市,44590.0,15508.0,2022
12239,大網白里市,72195.0,22349.0,2022
12322,酒々井町,29830.0,9574.0,2022
12329,栄町,27591.0,9527.0,2022
12342,神崎町,7801.0,2707.0,2022
12347,多古町,20752.0,6139.0,2022
12349,東庄町,17832.0,5887.0,2022
12403,九十九里町,18094.0,6292.0,2022
12409,芝山町,11788.0,3083.0,2022
12410,横芝光町,28529.0,9722.0,2022
12421,一宮町,18305.0,5407.0,2022
12422,睦沢町,8449.0,2978.0,2022
12423,長生村,18187.0,6231.0,2022
12424,白子町,12988.0,4515.0,2022
12426,長柄町,8270.0,2861.0,2022
12427,長南町,9102.0,3389.0,2022
12441,大多喜町,9862.0,3634.0,2022
12443,御宿町,8900.0,3037.0,2022
12463,鋸南町,8551.0,3059.0,2022
13000,東京都,36396521.0,7397433.0,2022
13100,特別区部,27740324.0,5255287.0,2022
13101,千代田区,438352.0,40710.0,2022
13102,中央区,786357.0,103350.0,2022
13103,港区,2149578.0,146093.0,2022
13104,新宿区,1133910.0,189283.0,2022
13105,文京区,858902.0,128613.0,2022
13106,台東区,560968.0,118508.0,2022
13107,墨田区,655880.0,157242.0,2022
13108,江東区,1389759.0,288411.0,2022
13109,品川区,1313406.0,238160.0,2022
13110,目黒区,1117179.0,163269.0,2022
13111,大田区,1876202.0,414906.0,2022
13112,世田谷区,3072064.0,509404.0,2022
13113,渋谷区,1356324.0,135621.0,2022
13114,中野区,899947.0,194168.0,2022
13115,杉並区,1637706.0,326767.0,2022
13116,豊島区,787990.0,162488.0,2022
13117,北区,781727.0,191410.0,2022
13118,荒川区,461878.0,114123.0,2022
13119,板橋区,1194003.0,305609.0,2022
13120,練馬区,1724767.0,389891.0,2022
13121,足立区,1273315.0,346954.0,2022
13122,葛飾区,876802.0,235971.0,2022
13123,江戸川区,1393309.0,354336.0,2022
13201,八王子市,1006075.0,271860.0,2022
13202,立川市,380664.0,94114.0,2022
13203,武蔵野市,455965.0,81143.0,2022
13204,三鷹市,481033.0,100875.0,2022
13205,青梅市,210024.0,63580.0,2022
13206,府中市,549480.0,134564.0,2022
13207,昭島市,206262.0,57142.0,2022
13208,調布市,562658.0,126736.0,2022
13209,町田市,839147.0,206414.0,2022
13210,小金井市,299133.0,66288.0,2022
13211,小平市,392030.0,95862.0,2022
13212,日野市,372231.0,96071.0,2022
13213,東村山市,271462.0,73873.0,2022
13214,国分寺市,313041.0,67981.0,2022
13215,国立市,184574.0,39532.0,2022
13218,福生市,94293.0,28724.0,2022
13219,狛江市,183066.0,43839.0,2022
13220,東大和市,149773.0,41130.0,2022
13221,清瀬市,129507.0,35483.0,2022
13222,東久留米市,212552.0,56383.0,2022
13223,武蔵村山市,108135.0,33111.0,2022
13224,多摩市,282344.0,73612.0,2022
13225,稲城市,198318.0,46750.0,2022
13227,羽村市,96682.0,27643.0,2022
13228,あきる野市,129843.0,38142.0,2022
13229,西東京市,424464.0,103826.0,2022
13303,瑞穂町,50707.0,15380.0,2022
13305,日の出町,23581.0,7431.0,2022
13307,檜原村,2479.0,857.0,2022
13308,奥多摩町,5853.0,1987.0,2022
13361,大島町,10529.0,3266.0,2022
13362,利島村,637.0,191.0,2022
13363,新島村,3754.0,1132.0,2022
13364,神津島村,2758.0,835.0,2022
13381,三宅村,4338.0,1207.0,2022
13382,御蔵島村,616.0,172.0,2022
13401,八丈町,10327.0,3141.0,2022
13402,青ヶ島村,444.0,112.0,2022
13421,小笠原村,7418.0,1757.0,2022
14000,神奈川県,19038642.0,4701531.0,2022
14100,横浜市,8272120.0,1926958.0,2022
14101,鶴見区,,,2022
14102,神奈川区,,,2022
14103,西区,,,2022
14104,中区,,,2022
14105,南区,,,2022
14106,保土ケ谷区,,,2022
14107,磯子区,,,2022
14108,金沢区,,,2022
14109,港北区,,,2022
14110,戸塚区,,,2022
14111,港南区,,,2022
14112,旭区,,,2022
14113,緑区,,,2022
14114,瀬谷区,,,2022
14115,栄区,,,2022
14116,泉区,,,2022
14117,青葉区,,,2022
14118,都筑区,,,2022
14130,川崎市,3541495.0,832760.0,2022
14131,川崎区,,,2022
14132,幸区,,,2022
14133,中原区,,,2022
14134,高津区,,,2022
14135,多摩区,,,2022
14136,宮前区,,,2022
14137,麻生区,,,2022
14150,相模原市,1279057.0,358958.0,2022
14151,緑区,,,2022
14152,中央区,,,2022
14153,南区,,,2022
14201,横須賀市,639742.0,189644.0,2022
14203,平塚市,435123.0,124094.0,2022
14204,鎌倉市,458815.0,87672.0,2022
14205,藤沢市,933174.0,221749.0,2022
14206,小田原市,323226.0,92485.0,2022
14207,茅ヶ崎市,484058.0,119737.0,2022
14208,逗子市,134985.0,28726.0,2022
14210,三浦市,60018.0,19371.0,2022
14211,秦野市,255360.0,76664.0,2022
14212,厚木市,411671.0,112302.0,2022
14213,大和市,455193.0,124307.0,2022
14214,伊勢原市,182031.0,50633.0,2022
14215,海老名市,261741.0,68817.0,2022
14216,座間市,223703.0,65787.0,2022
14217,南足柄市,63982.0,20163.0,2022
14218,綾瀬市,133937.0,40017.0,2022
14301,葉山町,72681.0,15202.0,2022
14321,寒川町,79754.0,23857.0,2022
14341,大磯町,62811.0,15249.0,2022
14342,二宮町,48352.0,13604.0,2022
14361,中井町,13641.0,4430.0,2022
14362,大井町,27146.0,8431.0,2022
14363,松田町,17072.0,5228.0,2022
14364,山北町,14056.0,4713.0,2022
14366,開成町,32402.0,8945.0,2022
14382,箱根町,17106.0,6100.0,2022
14383,真鶴町,9102.0,3090.0,2022
14384,湯河原町,33489.0,10991.0,2022
14401,愛川町,57613.0,19496.0,2022
14402,清川村,3985.0,1351.0,2022
15000,新潟県,3019943.0,1020122.0,2022
15100,新潟市,1184682.0,373124.0,2022
15101,北区,,,2022
15102,東区,,,2022
15103,中央区,,,2022
15104,江南区,,,2022
15105,秋葉区,,,2022
15106,南区,,,2022
15107,西区,,,2022
15108,西蒲区,,,2022
15202,長岡市,374919.0,125430.0,2022
15204,三条市,130594.0,44236.0,2022
15205,柏崎市,109579.0,37545.0,2022
15206,新発田市,123746.0,43868.0,2022
15208,小千谷市,43054.0,15561.0,2022
15209,加茂市,29309.0,11316.0,2022
15210,十日町市,56980.0,21804.0,2022
15211,見附市,49014.0,18284.0,2022
15212,村上市,63692.0,24675.0,2022
15213,燕市,110831.0,37910.0,2022
15216,糸魚川市,52870.0,18707.0,2022
15217,妙高市,38774.0,13780.0,2022
15218,五泉市,55437.0,21455.0,2022
15222,上越市,268913.0,88604.0,2022
15223,阿賀野市,48203.0,18423.0,2022
15224,佐渡市,52154.0,20244.0,2022
15225,魚沼市,40918.0,15577.0,2022
15226,南魚沼市,66954.0,24812.0,2022
15227,胎内市,33392.0,12360.0,2022
15307,聖籠町,17701.0,6450.0,2022
15342,弥彦村,9801.0,3638.0,2022
15361,田上町,13089.0,5046.0,2022
15385,阿賀町,9651.0,3891.0,2022
15405,出雲崎町,4370.0,1758.0,2022
15461,湯沢町,9791.0,3639.0,2022
15482,津南町,9616.0,3768.0,2022
15504,刈羽村,6072.0,2056.0,2022
15581,関川村,5541.0,2046.0,2022
15586,粟島浦村,297.0,115.0,2022
16000,富山県,1618312.0,517475.0,2022
16201,富山市,693118.0,206258.0,2022
16202,高岡市,253654.0,82394.0,2022
16204,魚津市,61630.0,20653.0,2022
16205,氷見市,58674.0,21466.0,2022
16206,滑川市,51722.0,16862.0,2022
16207,黒部市,64803.0,21413.0,2022
16208,砺波市,74055.0,24696.0,2022
16209,小矢部市,41454.0,14267.0,2022
16210,南砺市,64690.0,23665.0,2022
16211,射水市,138567.0,45143.0,2022
16321,舟橋村,5935.0,1716.0,2022
16322,上市町,26659.0,9509.0,2022
16323,立山町,35476.0,12342.0,2022
16342,入善町,33607.0,11945.0,2022
16343,朝日町,14269.0,5146.0,2022
17000,石川県,1757912.0,546448.0,2022
17201,金沢市,792464.0,223965.0,2022
17202,七尾市,63554.0,23099.0,2022
17203,小松市,166763.0,53523.0,2022
17204,輪島市,24536.0,9594.0,2022
17205,珠洲市,14203.0,5343.0,2022
17206,加賀市,90615.0,30660.0,2022
17207,羽咋市,25834.0,9381.0,2022
17209,かほく市,50278.0,17242.0,2022
17210,白山市,169813.0,55620.0,2022
17211,能美市,78779.0,24616.0,2022
17212,野々市市,90603.0,27470.0,2022
17324,川北町,9341.0,3029.0,2022
17361,津幡町,57040.0,18861.0,2022
17365,内灘町,39841.0,12863.0,2022
17384,志賀町,22609.0,8439.0,2022
17386,宝達志水町,15503.0,5666.0,2022
17407,中能登町,20489.0,7569.0,2022
17461,穴水町,8580.0,3117.0,2022
17463,能登町,17068.0,6391.0,2022
18000,福井県,1192732.0,378590.0,2022
18201,福井市,438873.0,129351.0,2022
18202,敦賀市,104375.0,31486.0,2022
18204,小浜市,40887.0,13535.0,2022
18205,大野市,42026.0,15013.0,2022
18206,勝山市,29381.0,10529.0,2022
18207,鯖江市,106142.0,35101.0,2022
18208,あわら市,39058.0,13556.0,2022
18209,越前市,126479.0,41143.0,2022
18210,坂井市,135135.0,44888.0,2022
18322,永平寺町,27512.0,9031.0,2022
18382,池田町,3001.0,1121.0,2022
18404,南越前町,13364.0,4787.0,2022
18423,越前町,28455.0,9907.0,2022
18442,美浜町,12979.0,4260.0,2022
18481,高浜町,15129.0,4676.0,2022
18483,おおい町,11501.0,3731.0,2022
18501,若狭町,18436.0,6475.0,2022
19000,山梨県,1232029.0,381338.0,2022
19201,甲府市,296680.0,86409.0,2022
19202,富士吉田市,71990.0,22609.0,2022
19204,都留市,42632.0,13425.0,2022
19205,山梨市,47128.0,15473.0,2022
19206,大月市,30299.0,10193.0,2022
19207,韮崎市,43159.0,13619.0,2022
19208,南アルプス市,104032.0,34133.0,2022
19209,北杜市,60994.0,20250.0,2022
19210,甲斐市,121548.0,36900.0,2022
19211,笛吹市,97801.0,32041.0,2022
19212,上野原市,31938.0,10581.0,2022
19213,甲州市,41569.0,13521.0,2022
19214,中央市,49162.0,15106.0,2022
19346,市川三郷町,18547.0,6586.0,2022
19364,早川町,1208.0,406.0,2022
19365,身延町,12170.0,4550.0,2022
19366,南部町,9145.0,3349.0,2022
19368,富士川町,19824.0,6651.0,2022
19384,昭和町,38658.0,10555.0,2022
19422,道志村,2431.0,794.0,2022
19423,西桂町,5437.0,1931.0,2022
19424,忍野村,26258.0,4970.0,2022
19425,山中湖村,10009.0,2705.0,2022
19429,鳴沢村,4908.0,1427.0,2022
19430,富士河口湖町,43089.0,12662.0,2022
19442,小菅村,847.0,285.0,2022
19443,丹波山村,564.0,207.0,2022
20000,長野県,3042378.0,963542.0,2022
20201,長野市,587997.0,177288.0,2022
20202,松本市,388598.0,112942.0,2022
20203,上田市,222623.0,72305.0,2022
20204,岡谷市,75106.0,23571.0,2022
20205,飯田市,140891.0,46495.0,2022
20206,諏訪市,80562.0,24152.0,2022
20207,須坂市,73648.0,23548.0,2022
20208,小諸市,55011.0,18888.0,2022
20209,伊那市,97932.0,31881.0,2022
20210,駒ヶ根市,48011.0,15481.0,2022
20211,中野市,61731.0,20224.0,2022
20212,大町市,32377.0,11657.0,2022
20213,飯山市,22526.0,8348.0,2022
20214,茅野市,87449.0,26392.0,2022
20215,塩尻市,102671.0,32462.0,2022
20217,佐久市,140747.0,45231.0,2022
20218,千曲市,82176.0,27761.0,2022
20219,東御市,40257.0,13614.0,2022
20220,安曇野市,138269.0,45451.0,2022
20303,小海町,5535.0,1933.0,2022
20304,川上村,6203.0,1924.0,2022
20305,南牧村,4117.0,1416.0,2022
20306,南相木村,1085.0,389.0,2022
20307,北相木村,781.0,252.0,2022
20309,佐久穂町,12718.0,4513.0,2022
20321,軽井沢町,48272.0,9917.0,2022
20323,御代田町,25304.0,7789.0,2022
20324,立科町,8302.0,2971.0,2022
20349,青木村,4961.0,1769.0,2022
20350,長和町,6464.0,2393.0,2022
20361,下諏訪町,29482.0,9117.0,2022
20362,富士見町,19792.0,6723.0,2022
20363,原村,11608.0,3546.0,2022
20382,辰野町,25917.0,8831.0,2022
20383,箕輪町,37481.0,12107.0,2022
20384,飯島町,11934.0,4238.0,2022
20385,南箕輪村,24139.0,7825.0,2022
20386,中川村,5992.0,2135.0,2022
20388,宮田村,13387.0,4265.0,2022
20402,松川町,16963.0,5858.0,2022
20403,高森町,17420.0,5888.0,2022
20404,阿南町,4446.0,1678.0,2022
20407,阿智村,6832.0,2604.0,2022
20409,平谷村,439.0,177.0,2022
20410,根羽村,989.0,363.0,2022
20411,下條村,4157.0,1557.0,2022
20412,売木村,445.0,180.0,2022
20413,天龍村,1127.0,446.0,2022
20414,泰阜村,1630.0,588.0,2022
20415,喬木村,7280.0,2606.0,2022
20416,豊丘村,8206.0,2984.0,2022
20417,大鹿村,792.0,307.0,2022
20422,上松町,5230.0,1826.0,2022
20423,南木曽町,4533.0,1638.0,2022
20425,木祖村,3166.0,1176.0,2022
20429,王滝村,896.0,326.0,2022
20430,大桑村,4654.0,1657.0,2022
20432,木曽町,13649.0,4883.0,2022
20446,麻績村,2765.0,1037.0,2022
20448,生坂村,1700.0,671.0,2022
20450,山形村,11889.0,4010.0,2022
20451,朝日村,5722.0,2053.0,2022
20452,筑北村,4515.0,1747.0,2022
20481,池田町,11882.0,4165.0,2022
20482,松川村,12682.0,4483.0,2022
20485,白馬村,10781.0,3544.0,2022
20486,小谷村,2846.0,1048.0,2022
20521,坂城町,20845.0,6680.0,2022
20541,小布施町,15992.0,5011.0,2022
20543,高山村,8921.0,3084.0,2022
20561,山ノ内町,12691.0,4961.0,2022
20562,木島平村,5147.0,1869.0,2022
20563,野沢温泉村,3512.0,1238.0,2022
20583,信濃町,8880.0,3292.0,2022
20588,小川村,2406.0,933.0,2022
20590,飯綱町,12872.0,4686.0,2022
20602,栄村,1420.0,544.0,2022
21000,岐阜県,3100464.0,945840.0,2022
21201,岐阜市,708331.0,189982.0,2022
21202,大垣市,262452.0,77082.0,2022
21203,高山市,122126.0,41355.0,2022
21204,多治見市,173430.0,52253.0,2022
21205,関市,128751.0,40710.0,2022
21206,中津川市,110326.0,36413.0,2022
21207,美濃市,28412.0,9158.0,2022
21208,瑞浪市,53353.0,17762.0,2022
21209,羽島市,104473.0,31306.0,2022
21210,恵那市,69635.0,22576.0,2022
21211,美濃加茂市,88005.0,28090.0,2022
21212,土岐市,80765.0,26752.0,2022
21213,各務原市,235087.0,69982.0,2022
21214,可児市,158860.0,49325.0,2022
21215,山県市,34668.0,11695.0,2022
21216,瑞穂市,89998.0,26869.0,2022
21217,飛騨市,30990.0,10785.0,2022
21218,本巣市,47387.0,15349.0,2022
21219,郡上市,52112.0,17761.0,2022
21220,下呂市,39429.0,14299.0,2022
21221,海津市,45907.0,15496.0,2022
21302,岐南町,44608.0,12980.0,2022
21303,笠松町,35194.0,10412.0,2022
21341,養老町,37668.0,12516.0,2022
21361,垂井町,38368.0,12461.0,2022
21362,関ケ原町,9199.0,3048.0,2022
21381,神戸町,26661.0,8767.0,2022
21382,輪之内町,13710.0,4575.0,2022
21383,安八町,20994.0,6790.0,2022
21401,揖斐川町,25741.0,8797.0,2022
21403,大野町,32357.0,10310.0,2022
21404,池田町,33387.0,10911.0,2022
21421,北方町,28998.0,8809.0,2022
21501,坂祝町,11547.0,3878.0,2022
21502,富加町,7930.0,2617.0,2022
21503,川辺町,13939.0,4671.0,2022
21504,七宗町,3982.0,1466.0,2022
21505,八百津町,13612.0,4604.0,2022
21506,白川町,8479.0,3197.0,2022
21507,東白川村,2455.0,909.0,2022
21521,御嵩町,24825.0,8363.0,2022
21604,白川村,2315.0,759.0,2022
22000,静岡県,5959490.0,1802472.0,2022
22100,静岡市,1176978.0,338593.0,2022
22101,葵区,,,2022
22102,駿河区,,,2022
22103,清水区,,,2022
22130,浜松市,1346150.0,391127.0,2022
22131,中区,,,2022
22132,東区,,,2022
22133,西区,,,2022
22134,南区,,,2022
22135,北区,,,2022
22136,浜北区,,,2022
22137,天竜区,,,2022
22203,沼津市,308979.0,93478.0,2022
22205,熱海市,57509.0,16275.0,2022
22206,三島市,189776.0,52939.0,2022
22207,富士宮市,201321.0,64706.0,2022
22208,伊東市,82125.0,29597.0,2022
22209,島田市,145236.0,47462.0,2022
22210,富士市,420793.0,125893.0,2022
22211,磐田市,267699.0,84792.0,2022
22212,焼津市,212044.0,68247.0,2022
22213,掛川市,189928.0,58938.0,2022
22214,藤枝市,228312.0,70052.0,2022
22215,御殿場市,151477.0,46289.0,2022
22216,袋井市,139137.0,44350.0,2022
22219,下田市,25282.0,9015.0,2022
22220,裾野市,85455.0,25430.0,2022
22221,湖西市,98925.0,30006.0,2022
22222,伊豆市,35829.0,13370.0,2022
22223,御前崎市,47098.0,15953.0,2022
22224,菊川市,73433.0,24422.0,2022
22225,伊豆の国市,68841.0,22704.0,2022
22226,牧之原市,62251.0,21589.0,2022
22301,東伊豆町,12696.0,5018.0,2022
22302,河津町,7795.0,2858.0,2022
22304,南伊豆町,7564.0,3028.0,2022
22305,松崎町,6047.0,2363.0,2022
22306,西伊豆町,7154.0,2824.0,2022
22325,函南町,55334.0,17874.0,2022
22341,清水町,54761.0,15954.0,2022
22342,長泉町,87000.0,21654.0,2022
22344,小山町,29254.0,9229.0,2022
22424,吉田町,45932.0,15372.0,2022
22429,川根本町,7033.0,2704.0,2022
22461,森町,24343.0,8367.0,2022
23000,愛知県,14297037.0,3744547.0,2022
23100,名古屋市,4901686.0,1150906.0,2022
23101,千種区,,,2022
23102,東区,,,2022
23103,北区,,,2022
23104,西区,,,2022
23105,中村区,,,2022
23106,中区,,,2022
23107,昭和区,,,2022
23108,瑞穂区,,,2022
23109,熱田区,,,2022
23110,中川区,,,2022
23111,港区,,,2022
23112,南区,,,2022
23113,守山区,,,2022
23114,緑区,,,2022
23115,名東区,,,2022
23116,天白区,,,2022
23201,豊橋市,632777.0,180735.0,2022
23202,岡崎市,727095.0,193921.0,2022
23203,一宮市,625427.0,179346.0,2022
23204,瀬戸市,211579.0,61551.0,2022
23205,半田市,214880.0,59328.0,2022
23206,春日井市,550658.0,152266.0,2022
23207,豊川市,304014.0,91432.0,2022
23208,津島市,97186.0,29336.0,2022
23209,碧南市,131936.0,37288.0,2022
23210,刈谷市,330594.0,81058.0,2022
23211,豊田市,841915.0,219117.0,2022
23212,安城市,389809.0,97099.0,2022
23213,西尾市,302872.0,85067.0,2022
23214,蒲郡市,128068.0,38231.0,2022
23215,犬山市,119015.0,35601.0,2022
23216,常滑市,94749.0,28432.0,2022
23217,江南市,164084.0,47212.0,2022
23219,小牧市,269562.0,77071.0,2022
23220,稲沢市,226363.0,65624.0,2022
23221,新城市,63658.0,21361.0,2022
23222,東海市,213326.0,58392.0,2022
23223,大府市,184526.0,46701.0,2022
23224,知多市,144707.0,41509.0,2022
23225,知立市,143997.0,38328.0,2022
23226,尾張旭市,153714.0,40842.0,2022
23227,高浜市,88751.0,25484.0,2022
23228,岩倉市,83618.0,24259.0,2022
23229,豊明市,126039.0,34557.0,2022
23230,日進市,200268.0,46132.0,2022
23231,田原市,98853.0,29752.0,2022
23232,愛西市,94077.0,29041.0,2022
23233,清須市,122080.0,34469.0,2022
23234,北名古屋市,152252.0,42661.0,2022
23235,弥富市,75147.0,21880.0,2022
23236,みよし市,131013.0,30927.0,2022
23237,あま市,142736.0,41765.0,2022
23238,長久手市,134441.0,29745.0,2022
23302,東郷町,79815.0,21071.0,2022
23342,豊山町,27221.0,7919.0,2022
23361,大口町,42601.0,12129.0,2022
23362,扶桑町,58591.0,17130.0,2022
23424,大治町,52358.0,15769.0,2022
23425,蟹江町,64329.0,18886.0,2022
23427,飛島村,8244.0,2232.0,2022
23441,阿久比町,46733.0,13283.0,2022
23442,東浦町,88080.0,24623.0,2022
23445,南知多町,22688.0,7053.0,2022
23446,美浜町,31891.0,10113.0,2022
23447,武豊町,70355.0,21155.0,2022
23501,幸田町,76590.0,21191.0,2022
23561,設楽町,5573.0,1940.0,2022
23562,東栄町,3264.0,1200.0,2022
23563,豊根村,1235.0,427.0,2022
24000,三重県,2814957.0,843682.0,2022
24201,津市,447044.0,130408.0,2022
24202,四日市市,561892.0,154687.0,2022
24203,伊勢市,179461.0,56426.0,2022
24204,松阪市,236449.0,73393.0,2022
24205,桑名市,258478.0,68503.0,2022
24207,鈴鹿市,326290.0,96707.0,2022
24208,名張市,108367.0,35176.0,2022
24209,尾鷲市,20210.0,6861.0,2022
24210,亀山市,76376.0,23779.0,2022
24211,鳥羽市,19000.0,7260.0,2022
24212,熊野市,17054.0,6167.0,2022
24214,いなべ市,72554.0,22781.0,2022
24215,志摩市,52419.0,19527.0,2022
24216,伊賀市,125370.0,41969.0,2022
24303,木曽岬町,8602.0,2962.0,2022
24324,東員町,40245.0,12343.0,2022
24341,菰野町,68482.0,20005.0,2022
24343,朝日町,21061.0,5268.0,2022
24344,川越町,27388.0,8118.0,2022
24441,多気町,17920.0,6077.0,2022
24442,明和町,31901.0,10477.0,2022
24443,大台町,10112.0,3595.0,2022
24461,玉城町,20833.0,6975.0,2022
24470,度会町,10123.0,3561.0,2022
24471,大紀町,8201.0,3022.0,2022
24472,南伊勢町,11733.0,4213.0,2022
24543,紀北町,15909.0,5831.0,2022
24561,御浜町,9596.0,3304.0,2022
24562,紀宝町,11888.0,4287.0,2022
25000,滋賀県,2306249.0,667413.0,2022
25201,大津市,612868.0,159010.0,2022
25202,彦根市,175843.0,53557.0,2022
25203,長浜市,167572.0,54294.0,2022
25204,近江八幡市,125732.0,38527.0,2022
25206,草津市,256370.0,66565.0,2022
25207,守山市,146498.0,39927.0,2022
25208,栗東市,127309.0,34030.0,2022
25209,甲賀市,132414.0,43247.0,2022
25210,野洲市,84204.0,24156.0,2022
25211,湖南市,84698.0,27215.0,2022
25212,高島市,58738.0,20240.0,2022
25213,東近江市,167138.0,54024.0,2022
25214,米原市,61051.0,17798.0,2022
25383,日野町,29403.0,9945.0,2022
25384,竜王町,18904.0,5674.0,2022
25425,愛荘町,30827.0,10116.0,2022
25441,豊郷町,8497.0,3028.0,2022
25442,甲良町,8009.0,2721.0,2022
25443,多賀町,10176.0,3339.0,2022
26000,京都府,4068762.0,1135829.0,2022
26100,京都市,2417508.0,634300.0,2022
26101,北区,,,2022
26102,上京区,,,2022
26103,左京区,,,2022
26104,中京区,,,2022
26105,東山区,,,2022
26106,下京区,,,2022
26107,南区,,,2022
26108,右京区,,,2022
26109,伏見区,,,2022
26110,山科区,,,2022
26111,西京区,,,2022
26201,福知山市,109202.0,35664.0,2022
26202,舞鶴市,112749.0,36449.0,2022
26203,綾部市,40179.0,14342.0,2022
26204,宇治市,279447.0,82791.0,2022
26205,宮津市,19852.0,7090.0,2022
26206,亀岡市,117771.0,38530.0,2022
26207,城陽市,105489.0,33804.0,2022
26208,向日市,96112.0,26036.0,2022
26209,長岡京市,144188.0,38035.0,2022
26210,八幡市,101320.0,31155.0,2022
26211,京田辺市,120493.0,31634.0,2022
26212,京丹後市,60130.0,22335.0,2022
26213,南丹市,36028.0,12731.0,2022
26214,木津川市,125179.0,34832.0,2022
26303,大山崎町,25320.0,7642.0,2022
26322,久御山町,22253.0,7028.0,2022
26343,井手町,9744.0,2948.0,2022
26344,宇治田原町,13147.0,4155.0,2022
26364,笠置町,1321.0,483.0,2022
26365,和束町,3922.0,1370.0,2022
26366,精華町,65082.0,16779.0,2022
26367,南山城村,2781.0,1039.0,2022
26407,京丹波町,14397.0,5308.0,2022
26463,伊根町,1859.0,752.0,2022
26465,与謝野町,23289.0,8597.0,2022
27000,大阪府,14605532.0,4005739.0,2022
27100,大阪市,4726727.0,1279773.0,2022
27102,都島区,,,2022
27103,福島区,,,2022
27104,此花区,,,2022
27106,西区,,,2022
27107,港区,,,2022
27108,大正区,,,2022
27109,天王寺区,,,2022
27111,浪速区,,,2022
27113,西淀川区,,,2022
27114,東淀川区,,,2022
27115,東成区,,,2022
27116,生野区,,,2022
27117,旭区,,,2022
27118,城東区,,,2022
27119,阿倍野区,,,2022
27120,住吉区,,,2022
27121,東住吉区,,,2022
27122,西成区,,,2022
27123,淀川区,,,2022
27124,鶴見区,,,2022
27125,住之江区,,,2022
27126,平野区,,,2022
27127,北区,,,2022
27128,中央区,,,2022
27140,堺市,1307170.0,363775.0,2022
27141,堺区,,,2022
27142,中区,,,2022
27143,東区,,,2022
27144,西区,,,2022
27145,南区,,,2022
27146,北区,,,2022
27147,美原区,,,2022
27202,岸和田市,270386.0,82600.0,2022
27203,豊中市,817301.0,186305.0,2022
27204,池田市,191894.0,48301.0,2022
27205,吹田市,797456.0,180820.0,2022
27206,泉大津市,112079.0,33211.0,2022
27207,高槻市,589286.0,161516.0,2022
27208,貝塚市,119781.0,36406.0,2022
27209,守口市,211664.0,64156.0,2022
27210,枚方市,648570.0,180655.0,2022
27211,茨木市,522772.0,134954.0,2022
27212,八尾市,406245.0,116393.0,2022
27213,泉佐野市,145602.0,44565.0,2022
27214,富田林市,166834.0,48134.0,2022
27215,寝屋川市,335398.0,100564.0,2022
27216,河内長野市,150530.0,45420.0,2022
27217,松原市,162372.0,49668.0,2022
27218,大東市,172920.0,53149.0,2022
27219,和泉市,284785.0,81267.0,2022
27220,箕面市,280501.0,62739.0,2022
27221,柏原市,102339.0,30542.0,2022
27222,羽曳野市,154195.0,47405.0,2022
27223,門真市,162865.0,52109.0,2022
27224,摂津市,141123.0,41500.0,2022
27225,高石市,92525.0,25570.0,2022
27226,藤井寺市,100798.0,28275.0,2022
27227,東大阪市,721719.0,215247.0,2022
27228,泉南市,71279.0,23903.0,2022
27229,四條畷市,83222.0,24454.0,2022
27230,交野市,125612.0,35554.0,2022
27231,大阪狭山市,100622.0,26256.0,2022
27232,阪南市,71732.0,22266.0,2022
27301,島本町,53975.0,14863.0,2022
27321,豊能町,27590.0,8654.0,2022
27322,能勢町,10930.0,4018.0,2022
27341,忠岡町,22828.0,7159.0,2022
27361,熊取町,64182.0,19113.0,2022
27362,田尻町,12304.0,3739.0,2022
27366,岬町,18949.0,6303.0,2022
27381,太子町,19052.0,5792.0,2022
27382,河南町,21373.0,6561.0,2022
27383,千早赤阪村,6048.0,2085.0,2022
28000,兵庫県,9268779.0,2494214.0,2022
28100,神戸市,2621146.0,688075.0,2022
28101,東灘区,,,2022
28102,灘区,,,2022
28105,兵庫区,,,2022
28106,長田区,,,2022
28107,須磨区,,,2022
28108,垂水区,,,2022
28109,北区,,,2022
28110,中央区,,,2022
28111,西区,,,2022
28201,姫路市,835039.0,240490.0,2022
28202,尼崎市,723653.0,213075.0,2022
28203,明石市,481761.0,139634.0,2022
28204,西宮市,1116860.0,225379.0,2022
28205,洲本市,55272.0,18145.0,2022
28206,芦屋市,313687.0,44941.0,2022
28207,伊丹市,334128.0,93791.0,2022
28208,相生市,37706.0,12141.0,2022
28209,豊岡市,100261.0,35054.0,2022
28210,加古川市,401642.0,120654.0,2022
28212,赤穂市,65452.0,20189.0,2022
28213,西脇市,52219.0,17576.0,2022
28214,宝塚市,459596.0,105075.0,2022
28215,三木市,104997.0,34365.0,2022
28216,高砂市,133486.0,39796.0,2022
28217,川西市,250515.0,69914.0,2022
28218,小野市,67111.0,22104.0,2022
28219,三田市,191162.0,52094.0,2022
28220,加西市,61501.0,19582.0,2022
28221,丹波篠山市,52316.0,17774.0,2022
28222,養父市,26082.0,9364.0,2022
28223,丹波市,81168.0,27869.0,2022
28224,南あわじ市,58114.0,19113.0,2022
28225,朝来市,36614.0,12904.0,2022
28226,淡路市,58553.0,17806.0,2022
28227,宍粟市,46109.0,15931.0,2022
28228,加東市,57260.0,18805.0,2022
28229,たつの市,102869.0,32895.0,2022
28301,猪名川町,46033.0,13336.0,2022
28365,多可町,24546.0,8680.0,2022
28381,稲美町,48334.0,13671.0,2022
28382,播磨町,50764.0,15540.0,2022
28442,市川町,14326.0,4993.0,2022
28443,福崎町,26600.0,8680.0,2022
28446,神河町,13325.0,4659.0,2022
28464,太子町,48893.0,15287.0,2022
28481,上郡町,17828.0,6280.0,2022
28501,佐用町,18066.0,6441.0,2022
28585,香美町,18902.0,6722.0,2022
28586,新温泉町,14883.0,5390.0,2022
29000,奈良県,2029320.0,577317.0,2022
29201,奈良市,608610.0,158192.0,2022
29202,大和高田市,82254.0,26521.0,2022
29203,大和郡山市,117308.0,36717.0,2022
29204,天理市,77702.0,25792.0,2022
29205,橿原市,180807.0,53416.0,2022
29206,桜井市,73060.0,23286.0,2022
29207,五條市,32892.0,11535.0,2022
29208,御所市,28513.0,9272.0,2022
29209,生駒市,224368.0,53775.0,2022
29210,香芝市,131664.0,34541.0,2022
29211,葛城市,50731.0,15600.0,2022
29212,宇陀市,31812.0,11136.0,2022
29322,山添村,3463.0,1317.0,2022
29342,平群町,26329.0,8114.0,2022
29343,三郷町,32526.0,9934.0,2022
29344,斑鳩町,41296.0,12268.0,2022
29345,安堵町,8275.0,3023.0,2022
29361,川西町,10903.0,3492.0,2022
29362,三宅町,8200.0,2731.0,2022
29363,田原本町,43187.0,13636.0,2022
29385,曽爾村,1290.0,480.0,2022
29386,御杖村,1182.0,467.0,2022
29401,高取町,7433.0,2530.0,2022
29402,明日香村,6593.0,2137.0,2022
29424,上牧町,29761.0,9213.0,2022
29425,王寺町,40100.0,11011.0,2022
29426,広陵町,59294.0,15020.0,2022
29427,河合町,27265.0,7520.0,2022
29441,吉野町,6643.0,2366.0,2022
29442,大淀町,20162.0,6898.0,2022
29443,下市町,5433.0,1884.0,2022
29444,黒滝村,627.0,238.0,2022
29446,天川村,1222.0,442.0,2022
29447,野迫川村,388.0,138.0,2022
29449,十津川村,3548.0,1139.0,2022
29450,下北山村,939.0,338.0,2022
29451,上北山村,639.0,216.0,2022
29452,川上村,1184.0,434.0,2022
29453,東吉野村,1718.0,548.0,2022
30000,和歌山県,1239742.0,391723.0,2022
30201,和歌山市,530021.0,154523.0,2022
30202,海南市,63937.0,20502.0,2022
30203,橋本市,79589.0,26424.0,2022
30204,有田市,32718.0,10743.0,2022
30205,御坊市,27952.0,9117.0,2022
30206,田辺市,92223.0,29923.0,2022
30207,新宮市,32683.0,11030.0,2022
30208,紀の川市,76613.0,25421.0,2022
30209,岩出市,75084.0,23964.0,2022
30304,紀美野町,8599.0,3164.0,2022
30341,かつらぎ町,18044.0,6202.0,2022
30343,九度山町,4399.0,1551.0,2022
30344,高野町,3200.0,1140.0,2022
30361,湯浅町,12402.0,4320.0,2022
30362,広川町,7301.0,2532.0,2022
30366,有田川町,32478.0,10502.0,2022
30381,美浜町,8465.0,2893.0,2022
30382,日高町,9804.0,3253.0,2022
30383,由良町,5719.0,2062.0,2022
30390,印南町,8864.0,3105.0,2022
30391,みなべ町,17826.0,5521.0,2022
30392,日高川町,10676.0,3729.0,2022
30401,白浜町,23042.0,8676.0,2022
30404,上富田町,20208.0,6897.0,2022
30406,すさみ町,3487.0,1364.0,2022
30421,那智勝浦町,14223.0,5374.0,2022
30422,太地町,2916.0,1154.0,2022
30424,古座川町,2071.0,836.0,2022
30427,北山村,499.0,160.0,2022
30428,串本町,14702.0,5641.0,2022
31000,鳥取県,710077.0,247066.0,2022
31201,鳥取市,246638.0,83619.0,2022
31202,米子市,212014.0,68785.0,2022
31203,倉吉市,55455.0,20103.0,2022
31204,境港市,42617.0,15427.0,2022
31302,岩美町,11952.0,4582.0,2022
31325,若桜町,2800.0,1181.0,2022
31328,智頭町,6058.0,2437.0,2022
31329,八頭町,17870.0,6984.0,2022
31364,三朝町,6042.0,2484.0,2022
31370,湯梨浜町,18981.0,7227.0,2022
31371,琴浦町,17887.0,7030.0,2022
31372,北栄町,16655.0,6428.0,2022
31384,日吉津村,5392.0,1726.0,2022
31386,大山町,16372.0,6291.0,2022
31389,南部町,11674.0,4549.0,2022
31390,伯耆町,12097.0,4470.0,2022
31401,日南町,4162.0,1605.0,2022
31402,日野町,2793.0,1109.0,2022
31403,江府町,2618.0,1029.0,2022
32000,島根県,890066.0,303588.0,2022
32201,松江市,294300.0,95107.0,2022
32202,浜田市,66766.0,23141.0,2022
32203,出雲市,247456.0,82916.0,2022
32204,益田市,55479.0,19490.0,2022
32205,大田市,37593.0,13961.0,2022
32206,安来市,45729.0,16504.0,2022
32207,江津市,26920.0,9838.0,2022
32209,雲南市,43302.0,15988.0,2022
32343,奥出雲町,12291.0,4700.0,2022
32386,飯南町,4330.0,1721.0,2022
32441,川本町,3292.0,1218.0,2022
32448,美郷町,4173.0,1589.0,2022
32449,邑南町,10726.0,3985.0,2022
32501,津和野町,6360.0,2553.0,2022
32505,吉賀町,6257.0,2331.0,2022
32525,海士町,2646.0,969.0,2022
32526,西ノ島町,3397.0,1236.0,2022
32527,知夫村,789.0,280.0,2022
32528,隠岐の島町,18259.0,6061.0,2022
33000,岡山県,2738045.0,858309.0,2022
33100,岡山市,1158870.0,333992.0,2022
33101,北区,,,2022
33102,中区,,,2022
33103,東区,,,2022
33104,南区,,,2022
33202,倉敷市,713645.0,221828.0,2022
33203,津山市,133015.0,44339.0,2022
33204,玉野市,72196.0,25270.0,2022
33205,笠岡市,56804.0,20247.0,2022
33207,井原市,49299.0,16819.0,2022
33208,総社市,94539.0,31751.0,2022
33209,高梁市,34202.0,12094.0,2022
33210,新見市,33051.0,12043.0,2022
33211,備前市,39055.0,14037.0,2022
33212,瀬戸内市,46575.0,16342.0,2022
33213,赤磐市,54229.0,18960.0,2022
33214,真庭市,50275.0,18315.0,2022
33215,美作市,28088.0,10737.0,2022
33216,浅口市,41158.0,14717.0,2022
33346,和気町,15034.0,5590.0,2022
33423,早島町,18963.0,5788.0,2022
33445,里庄町,14665.0,5017.0,2022
33461,矢掛町,15832.0,5820.0,2022
33586,新庄村,901.0,333.0,2022
33606,鏡野町,15573.0,5267.0,2022
33622,勝央町,13372.0,4761.0,2022
33623,奈義町,7002.0,2505.0,2022
33643,西粟倉村,1492.0,556.0,2022
33663,久米南町,4701.0,1788.0,2022
33666,美咲町,14167.0,5243.0,2022
33681,吉備中央町,11342.0,4150.0,2022
34000,広島県,4420743.0,1309525.0,2022
34100,広島市,2097462.0,577095.0,2022
34101,中区,,,2022
34102,東区,,,2022
34103,南区,,,2022
34104,西区,,,2022
34105,安佐南区,,,2022
34106,安佐北区,,,2022
34107,安芸区,,,2022
34108,佐伯区,,,2022
34202,呉市,312354.0,97518.0,2022
34203,竹原市,29845.0,10418.0,2022
34204,三原市,124623.0,40254.0,2022
34205,尾道市,174917.0,57109.0,2022
34207,福山市,692131.0,215306.0,2022
34208,府中市,48213.0,16857.0,2022
34209,三次市,65175.0,22858.0,2022
34210,庄原市,38445.0,14033.0,2022
34211,大竹市,36727.0,12108.0,2022
34212,東広島市,311695.0,89974.0,2022
34213,廿日市市,175111.0,54977.0,2022
34214,安芸高田市,32641.0,11980.0,2022
34215,江田島市,26822.0,9421.0,2022
34302,府中町,91882.0,25907.0,2022
34304,海田町,48476.0,15003.0,2022
34307,熊野町,31375.0,10640.0,2022
34309,坂町,17819.0,5706.0,2022
34368,安芸太田町,6132.0,2250.0,2022
34369,北広島町,21571.0,7712.0,2022
34431,大崎上島町,7488.0,2607.0,2022
34462,世羅町,17549.0,6501.0,2022
34545,神石高原町,12289.0,3291.0,2022
35000,山口県,1931584.0,603748.0,2022
35201,下関市,336846.0,111519.0,2022
35202,宇部市,238607.0,72745.0,2022
35203,山口市,284452.0,89288.0,2022
35204,萩市,50586.0,18620.0,2022
35206,防府市,163739.0,53693.0,2022
35207,下松市,91580.0,26926.0,2022
35208,岩国市,182122.0,58209.0,2022
35210,光市,72666.0,22549.0,2022
35211,長門市,37807.0,13539.0,2022
35212,柳井市,41135.0,13036.0,2022
35213,美祢市,26896.0,9954.0,2022
35215,周南市,217328.0,64747.0,2022
35216,山陽小野田市,81979.0,27689.0,2022
35305,周防大島町,59036.0,5016.0,2022
35321,和木町,8162.0,2669.0,2022
35341,上関町,2270.0,800.0,2022
35343,田布施町,19743.0,6619.0,2022
35344,平生町,13835.0,4978.0,2022
35502,阿武町,2796.0,1152.0,2022
36000,徳島県,979489.0,310796.0,2022
36201,徳島市,392623.0,111954.0,2022
36202,鳴門市,72240.0,23716.0,2022
36203,小松島市,47127.0,15947.0,2022
36204,阿南市,96328.0,30301.0,2022
36205,吉野川市,44991.0,16180.0,2022
36206,阿波市,38132.0,13746.0,2022
36207,美馬市,31408.0,11307.0,2022
36208,三好市,25719.0,9418.0,2022
36301,勝浦町,5404.0,1947.0,2022
36302,上勝町,1233.0,476.0,2022
36321,佐那河内村,2127.0,821.0,2022
36341,石井町,31050.0,10796.0,2022
36342,神山町,3982.0,1649.0,2022
36368,那賀町,8079.0,2894.0,2022
36383,牟岐町,3675.0,1397.0,2022
36387,美波町,6052.0,2303.0,2022
36388,海陽町,8051.0,3155.0,2022
36401,松茂町,22131.0,6993.0,2022
36402,北島町,35963.0,10756.0,2022
36403,藍住町,50905.0,16074.0,2022
36404,板野町,15398.0,5390.0,2022
36405,上板町,12719.0,4592.0,2022
36468,つるぎ町,8055.0,2995.0,2022
36489,東みよし町,16099.0,5989.0,2022
37000,香川県,1401326.0,442877.0,2022
37201,高松市,679123.0,199266.0,2022
37202,丸亀市,160423.0,52069.0,2022
37203,坂出市,72858.0,23440.0,2022
37204,善通寺市,42222.0,14514.0,2022
37205,観音寺市,79350.0,26777.0,2022
37206,さぬき市,57494.0,20427.0,2022
37207,東かがわ市,32923.0,11888.0,2022
37208,三豊市,80630.0,28050.0,2022
37322,土庄町,15184.0,5676.0,2022
37324,小豆島町,15899.0,5945.0,2022
37341,三木町,36207.0,12199.0,2022
37364,直島町,5091.0,1514.0,2022
37386,宇多津町,30083.0,8874.0,2022
37387,綾川町,30165.0,10638.0,2022
37403,琴平町,10748.0,3743.0,2022
37404,多度津町,29477.0,10191.0,2022
37406,まんのう町,23451.0,7666.0,2022
38000,愛媛県,1762093.0,567755.0,2022
38201,松山市,719783.0,222270.0,2022
38202,今治市,198933.0,61670.0,2022
38203,宇和島市,81678.0,28140.0,2022
38204,八幡浜市,39410.0,13293.0,2022
38205,新居浜市,166320.0,51980.0,2022
38206,西条市,135815.0,45716.0,2022
38207,大洲市,46099.0,16629.0,2022
38210,伊予市,41338.0,14754.0,2022
38213,四国中央市,121912.0,39147.0,2022
38214,西予市,36444.0,13161.0,2022
38215,東温市,44230.0,13951.0,2022
38356,上島町,6266.0,2292.0,2022
38386,久万高原町,6905.0,2527.0,2022
38401,松前町,38001.0,12927.0,2022
38402,砥部町,22875.0,8391.0,2022
38422,内子町,15400.0,5826.0,2022
38442,伊方町,7972.0,2941.0,2022
38484,松野町,3050.0,1246.0,2022
38488,鬼北町,9645.0,3608.0,2022
38506,愛南町,20016.0,7286.0,2022
39000,高知県,885445.0,298676.0,2022
39201,高知市,479777.0,149480.0,2022
39202,室戸市,10397.0,4223.0,2022
39203,安芸市,17691.0,6840.0,2022
39204,南国市,60028.0,20636.0,2022
39205,土佐市,29460.0,10971.0,2022
39206,須崎市,22129.0,8006.0,2022
39208,宿毛市,21467.0,7694.0,2022
39209,土佐清水市,11301.0,4452.0,2022
39210,四万十市,39649.0,13864.0,2022
39211,香南市,40845.0,14620.0,2022
39212,香美市,27675.0,10052.0,2022
39301,東洋町,1900.0,714.0,2022
39302,奈半利町,2716.0,1048.0,2022
39303,田野町,2696.0,1024.0,2022
39304,安田町,2233.0,915.0,2022
39305,北川村,1231.0,482.0,2022
39306,馬路村,1172.0,420.0,2022
39307,芸西村,3770.0,1506.0,2022
39341,本山町,3757.0,1334.0,2022
39344,大豊町,2452.0,1076.0,2022
39363,土佐町,3673.0,1482.0,2022
39364,大川村,481.0,157.0,2022
39386,いの町,26368.0,9467.0,2022
39387,仁淀川町,4266.0,1671.0,2022
39401,中土佐町,5829.0,2228.0,2022
39402,佐川町,13319.0,5063.0,2022
39403,越知町,5250.0,1988.0,2022
39405,檮原町,3258.0,1204.0,2022
39410,日高村,4944.0,1968.0,2022
39411,津野町,5381.0,2104.0,2022
39412,四万十町,15372.0,5988.0,2022
39424,大月町,4024.0,1568.0,2022
39427,三原村,1308.0,543.0,2022
39428,黒潮町,9627.0,3888.0,2022
40000,福岡県,7658430.0,2289800.0,2022
40100,北九州市,1359366.0,411958.0,2022
40101,門司区,,,2022
40103,若松区,,,2022
40105,戸畑区,,,2022
40106,小倉北区,,,2022
40107,小倉南区,,,2022
40108,八幡東区,,,2022
40109,八幡西区,,,2022
40130,福岡市,2813187.0,755232.0,2022
40131,東区,,,2022
40132,博多区,,,2022
40133,中央区,,,2022
40134,南区,,,2022
40135,西区,,,2022
40136,城南区,,,2022
40137,早良区,,,2022
40202,大牟田市,129338.0,44067.0,2022
40203,久留米市,444755.0,133702.0,2022
40204,直方市,67602.0,23538.0,2022
40205,飯塚市,159045.0,53272.0,2022
40206,田川市,50767.0,18079.0,2022
40207,柳川市,75623.0,26537.0,2022
40210,八女市,73738.0,25397.0,2022
40211,筑後市,66083.0,22309.0,2022
40212,大川市,37928.0,13653.0,2022
40213,行橋市,100001.0,32538.0,2022
40214,豊前市,28765.0,10259.0,2022
40215,中間市,45310.0,16342.0,2022
40216,小郡市,94871.0,26789.0,2022
40217,筑紫野市,161415.0,48524.0,2022
40218,春日市,180148.0,51645.0,2022
40219,大野城市,168475.0,47763.0,2022
40220,宗像市,139234.0,43242.0,2022
40221,太宰府市,106738.0,32060.0,2022
40223,古賀市,83965.0,26911.0,2022
40224,福津市,96343.0,29563.0,2022
40225,うきは市,32490.0,11910.0,2022
40226,宮若市,29919.0,10963.0,2022
40227,嘉麻市,32876.0,12931.0,2022
40228,朝倉市,62255.0,22112.0,2022
40229,みやま市,40239.0,14591.0,2022
40230,糸島市,134034.0,43189.0,2022
40231,那珂川市,69680.0,21660.0,2022
40341,宇美町,47154.0,16115.0,2022
40342,篠栗町,44558.0,14289.0,2022
40343,志免町,67453.0,21026.0,2022
40344,須恵町,36687.0,12392.0,2022
40345,新宮町,56179.0,15083.0,2022
40348,久山町,12961.0,4035.0,2022
40349,粕屋町,78070.0,23416.0,2022
40381,芦屋町,17165.0,5747.0,2022
40382,水巻町,33398.0,11740.0,2022
40383,岡垣町,40448.0,13310.0,2022
40384,遠賀町,24164.0,8345.0,2022
40401,小竹町,7757.0,2846.0,2022
40402,鞍手町,16735.0,6130.0,2022
40421,桂川町,14124.0,5283.0,2022
40447,筑前町,37630.0,13201.0,2022
40448,東峰村,1788.0,675.0,2022
40503,大刀洗町,19382.0,6914.0,2022
40522,大木町,16876.0,6128.0,2022
40544,広川町,24398.0,8615.0,2022
40601,香春町,10220.0,3879.0,2022
40602,添田町,8245.0,3149.0,2022
40604,糸田町,7844.0,2933.0,2022
40605,川崎町,12671.0,5043.0,2022
40608,大任町,4661.0,1762.0,2022
40609,赤村,2519.0,987.0,2022
40610,福智町,20008.0,7628.0,2022
40621,苅田町,54451.0,17577.0,2022
40625,みやこ町,20109.0,7519.0,2022
40642,吉富町,8152.0,2910.0,2022
40646,上毛町,8439.0,3103.0,2022
40647,築上町,19995.0,7284.0,2022
41000,佐賀県,1070147.0,360690.0,2022
41201,佐賀市,339149.0,105215.0,2022
41202,唐津市,141061.0,49367.0,2022
41203,鳥栖市,110900.0,34958.0,2022
41204,多久市,20106.0,7703.0,2022
41205,伊万里市,65716.0,23641.0,2022
41206,武雄市,58583.0,20712.0,2022
41207,鹿島市,32891.0,12296.0,2022
41208,小城市,59009.0,20332.0,2022
41209,嬉野市,29663.0,10852.0,2022
41210,神埼市,40107.0,14096.0,2022
41327,吉野ヶ里町,22919.0,7678.0,2022
41341,基山町,23854.0,8126.0,2022
41345,上峰町,13020.0,4491.0,2022
41346,みやき町,31772.0,11286.0,2022
41387,玄海町,6219.0,2239.0,2022
41401,有田町,21260.0,8221.0,2022
41423,大町町,6319.0,2408.0,2022
41424,江北町,12743.0,4362.0,2022
41425,白石町,26566.0,9649.0,2022
41441,太良町,8290.0,3058.0,2022
42000,長崎県,1648894.0,558526.0,2022
42201,長崎市,547016.0,176049.0,2022
42202,佐世保市,310193.0,105039.0,2022
42203,島原市,45053.0,16885.0,2022
42204,諫早市,176118.0,59076.0,2022
42205,大村市,133491.0,43885.0,2022
42207,平戸市,29848.0,11393.0,2022
42208,松浦市,22502.0,8783.0,2022
42209,対馬市,35586.0,11660.0,2022
42210,壱岐市,23823.0,9070.0,2022
42211,五島市,36992.0,13531.0,2022
42212,西海市,26927.0,10670.0,2022
42213,雲仙市,42589.0,16463.0,2022
42214,南島原市,39208.0,15733.0,2022
42307,長与町,63244.0,18606.0,2022
42308,時津町,38351.0,12779.0,2022
42321,東彼杵町,7739.0,3085.0,2022
42322,川棚町,15466.0,5786.0,2022
42323,波佐見町,15092.0,6111.0,2022
42383,小値賀町,1986.0,772.0,2022
42391,佐々町,17907.0,6248.0,2022
42411,新上五島町,19762.0,6902.0,2022
43000,熊本県,2274218.0,747957.0,2022
43100,熊本市,1114968.0,334422.0,2022
43101,中央区,,,2022
43102,東区,,,2022
43103,西区,,,2022
43104,南区,,,2022
43105,北区,,,2022
43202,八代市,146924.0,51657.0,2022
43203,人吉市,34617.0,12311.0,2022
43204,荒尾市,56109.0,20519.0,2022
43205,水俣市,24243.0,9088.0,2022
43206,玉名市,76197.0,26853.0,2022
43208,山鹿市,52541.0,20226.0,2022
43210,菊池市,53540.0,19451.0,2022
43211,宇土市,42731.0,15507.0,2022
43212,上天草市,25772.0,9466.0,2022
43213,宇城市,65551.0,24224.0,2022
43214,阿蘇市,28004.0,10520.0,2022
43215,天草市,77752.0,28927.0,2022
43216,合志市,88261.0,27888.0,2022
43348,美里町,8401.0,3357.0,2022
43364,玉東町,5288.0,1988.0,2022
43367,南関町,8883.0,3480.0,2022
43368,長洲町,16716.0,6245.0,2022
43369,和水町,9213.0,3506.0,2022
43403,大津町,50927.0,16638.0,2022
43404,菊陽町,71757.0,20451.0,2022
43423,南小国町,3783.0,1497.0,2022
43424,小国町,6593.0,2577.0,2022
43425,産山村,1239.0,485.0,2022
43428,高森町,5835.0,2299.0,2022
43432,西原村,8296.0,2872.0,2022
43433,南阿蘇村,10290.0,3816.0,2022
43441,御船町,18155.0,6895.0,2022
43442,嘉島町,13365.0,4440.0,2022
43443,益城町,39973.0,14016.0,2022
43444,甲佐町,9870.0,3885.0,2022
43447,山都町,11775.0,4635.0,2022
43468,氷川町,11935.0,4515.0,2022
43482,芦北町,14187.0,5510.0,2022
43484,津奈木町,3743.0,1578.0,2022
43501,錦町,10881.0,4241.0,2022
43505,多良木町,9513.0,3547.0,2022
43506,湯前町,3243.0,1372.0,2022
43507,水上村,1819.0,715.0,2022
43510,相良村,3734.0,1489.0,2022
43511,五木村,1047.0,396.0,2022
43512,山江村,3047.0,1231.0,2022
43513,球磨村,2187.0,917.0,2022
43514,あさぎり町,14786.0,5915.0,2022
43531,苓北町,6527.0,2390.0,2022
44000,大分県,1459198.0,487804.0,2022
44201,大分市,710185.0,219135.0,2022
44202,別府市,138116.0,47483.0,2022
44203,中津市,107340.0,36702.0,2022
44204,日田市,72530.0,26543.0,2022
44205,佐伯市,74224.0,27026.0,2022
44206,臼杵市,39721.0,14910.0,2022
44207,津久見市,18906.0,6454.0,2022
44208,竹田市,18909.0,7287.0,2022
44209,豊後高田市,24397.0,8957.0,2022
44210,杵築市,28564.0,11131.0,2022
44211,宇佐市,63489.0,22358.0,2022
44212,豊後大野市,34548.0,13085.0,2022
44213,由布市,39860.0,14146.0,2022
44214,国東市,26861.0,10416.0,2022
44322,姫島村,1686.0,593.0,2022
44341,日出町,35520.0,12367.0,2022
44461,九重町,8102.0,3160.0,2022
44462,玖珠町,16241.0,6051.0,2022
45000,宮崎県,1316779.0,457312.0,2022
45201,宮崎市,555170.0,178764.0,2022
45202,都城市,192517.0,68742.0,2022
45203,延岡市,144590.0,50737.0,2022
45204,日南市,57525.0,20356.0,2022
45205,小林市,46940.0,17763.0,2022
45206,日向市,71669.0,25519.0,2022
45207,串間市,16678.0,6404.0,2022
45208,西都市,29540.0,11824.0,2022
45209,えびの市,17452.0,6727.0,2022
45341,三股町,30311.0,11007.0,2022
45361,高原町,8499.0,3352.0,2022
45382,国富町,18731.0,7547.0,2022
45383,綾町,6655.0,2714.0,2022
45401,高鍋町,23605.0,8817.0,2022
45402,新富町,19124.0,7361.0,2022
45403,西米良村,1236.0,444.0,2022
45404,木城町,4485.0,1880.0,2022
45405,川南町,16955.0,6348.0,2022
45406,都農町,10153.0,3917.0,2022
45421,門川町,19104.0,7329.0,2022
45429,諸塚村,1529.0,550.0,2022
45430,椎葉村,2542.0,882.0,2022
45431,美郷町,4224.0,1713.0,2022
45441,高千穂町,11375.0,4258.0,2022
45442,日之影町,3167.0,1217.0,2022
45443,五ヶ瀬町,3003.0,1140.0,2022
46000,鹿児島県,1953179.0,663761.0,2022
46201,鹿児島市,855919.0,266684.0,2022
46203,鹿屋市,119775.0,41793.0,2022
46204,枕崎市,20947.0,7821.0,2022
46206,阿久根市,18650.0,7278.0,2022
46208,出水市,57189.0,21318.0,2022
46210,指宿市,39329.0,15263.0,2022
46213,西之表市,15522.0,5742.0,2022
46214,垂水市,13397.0,5142.0,2022
46215,薩摩川内市,112129.0,38535.0,2022
46216,日置市,51349.0,19095.0,2022
46217,曽於市,31848.0,12625.0,2022
46218,霧島市,157404.0,53410.0,2022
46219,いちき串木野市,28282.0,10612.0,2022
46220,南さつま市,31926.0,12475.0,2022
46221,志布志市,31790.0,11817.0,2022
46222,奄美市,48358.0,16759.0,2022
46223,南九州市,32708.0,12837.0,2022
46224,伊佐市,24173.0,9489.0,2022
46225,姶良市,93410.0,32642.0,2022
46303,三島村,501.0,140.0,2022
46304,十島村,867.0,241.0,2022
46392,さつま町,21386.0,7538.0,2022
46404,長島町,11610.0,3861.0,2022
46452,湧水町,8184.0,3261.0,2022
46468,大崎町,12728.0,4660.0,2022
46482,東串良町,6100.0,2342.0,2022
46490,錦江町,5663.0,2231.0,2022
46491,南大隅町,5144.0,2146.0,2022
46492,肝付町,12936.0,4996.0,2022
46501,中種子町,7594.0,2821.0,2022
46502,南種子町,5828.0,2039.0,2022
46505,屋久島町,11882.0,4351.0,2022
46523,大和村,1163.0,488.0,2022
46524,宇検村,1614.0,602.0,2022
46525,瀬戸内町,8924.0,3187.0,2022
46527,龍郷町,5839.0,2229.0,2022
46529,喜界町,6133.0,2274.0,2022
46530,徳之島町,9920.0,3491.0,2022
46531,天城町,4098.0,1657.0,2022
46532,伊仙町,4278.0,1791.0,2022
46533,和泊町,6466.0,2294.0,2022
46534,知名町,5863.0,2114.0,2022
46535,与論町,4352.0,1670.0,2022
47000,沖縄県,1833097.0,605391.0,2022
47201,那覇市,454376.0,136298.0,2022
47205,宜野湾市,137358.0,42464.0,2022
47207,石垣市,58750.0,20472.0,2022
47208,浦添市,158031.0,50351.0,2022
47209,名護市,69185.0,25465.0,2022
47210,糸満市,65524.0,24329.0,2022
47211,沖縄市,173492.0,56597.0,2022
47212,豊見城市,83988.0,27692.0,2022
47213,うるま市,128815.0,47557.0,2022
47214,宮古島市,63823.0,21932.0,2022
47215,南城市,46120.0,17611.0,2022
47301,国頭村,4101.0,1680.0,2022
47302,大宜味村,2378.0,986.0,2022
47303,東村,1371.0,554.0,2022
47306,今帰仁村,7281.0,2970.0,2022
47308,本部町,10871.0,4494.0,2022
47311,恩納村,12782.0,4597.0,2022
47313,宜野座村,6278.0,2505.0,2022
47314,金武町,12754.0,4560.0,2022
47315,伊江村,3659.0,1429.0,2022
47324,読谷村,48097.0,16780.0,2022
47325,嘉手納町,18613.0,5244.0,2022
47326,北谷町,40231.0,11619.0,2022
47327,北中城村,24336.0,7294.0,2022
47328,中城村,27693.0,9036.0,2022
47329,西原町,41617.0,14542.0,2022
47348,与那原町,23595.0,8291.0,2022
47350,南風原町,50925.0,17297.0,2022
47353,渡嘉敷村,855.0,327.0,2022
47354,座間味村,960.0,336.0,2022
47355,粟国村,637.0,240.0,2022
47356,渡名喜村,364.0,131.0,2022
47357,南大東村,2069.0,567.0,2022
47358,北大東村,1096.0,321.0,2022
47359,伊平屋村,1125.0,413.0,2022
47360,伊是名村,1207.0,488.0,2022
47361,久米島町,7213.0,2692.0,2022
47362,八重瀬町,33580.0,12462.0,2022
47375,多良間村,972.0,346.0,2022
47381,竹富町,4335.0,1660.0,2022
47382,与那国町,2637.0,762.0,2022
